Image Name,image_contains_text,image_contains_offensive_words,image_contains_nationality,image_contains_politics,image_contains_country,image_contains_brand,image_contains_positive_words,image_contains_human_being,image_contains_flag
2Qo03El.png,0.711,0.185,0.042,0.033,0.014,0.011,0.001,0.001,0.001
COkaPpN.png,0.422,0.326,0.071,0.066,0.037,0.032,0.026,0.015,0.006
NpDM9E8.png,0.545,0.219,0.067,0.047,0.044,0.037,0.020,0.013,0.009
MBdsW19.png,0.486,0.190,0.179,0.079,0.030,0.018,0.011,0.004,0.002
jQsh9vC.png,0.580,0.193,0.093,0.078,0.024,0.014,0.009,0.007,0.002
6uTXEgh.png,0.357,0.278,0.193,0.061,0.029,0.025,0.025,0.017,0.015
so4V8X7.png,0.770,0.135,0.033,0.021,0.016,0.011,0.010,0.003,0.001
0UQh5Eo.png,0.606,0.305,0.038,0.026,0.013,0.008,0.002,0.001,0.001
WQjyHN1.png,0.451,0.396,0.062,0.026,0.022,0.015,0.010,0.009,0.008
80NRcEf.png,0.572,0.365,0.037,0.012,0.005,0.004,0.003,0.001,0.000
IVgSveX.png,0.297,0.235,0.209,0.073,0.061,0.052,0.028,0.025,0.019
JYTlRZK.png,0.323,0.233,0.185,0.074,0.073,0.067,0.023,0.012,0.011
ykaOeQZ.png,0.547,0.266,0.058,0.036,0.030,0.025,0.017,0.012,0.009
8Djb33H.png,0.584,0.360,0.016,0.015,0.012,0.005,0.003,0.003,0.002
bspb4sM.png,0.708,0.227,0.037,0.011,0.008,0.007,0.001,0.001,0.001
2TAk7vi.png,0.350,0.269,0.194,0.071,0.047,0.030,0.014,0.013,0.011
qfYlr30.png,0.680,0.206,0.041,0.026,0.015,0.014,0.013,0.004,0.001
eP24hnr.png,0.445,0.399,0.051,0.041,0.025,0.018,0.015,0.004,0.002
IkosYmM.png,0.500,0.230,0.093,0.077,0.058,0.016,0.013,0.010,0.003
1BeUIMs.png,0.602,0.343,0.024,0.011,0.010,0.004,0.004,0.002,0.001
hOxu3fK.png,0.666,0.155,0.055,0.048,0.042,0.015,0.010,0.006,0.002
qi0bYgG.png,0.367,0.280,0.158,0.063,0.046,0.043,0.019,0.015,0.008
omVP1Lw.png,0.619,0.214,0.073,0.059,0.014,0.009,0.006,0.005,0.001
rOr3fxM.png,0.643,0.227,0.042,0.041,0.023,0.013,0.006,0.004,0.001
i1KC0aU.png,0.328,0.159,0.157,0.144,0.053,0.052,0.050,0.050,0.007
3CbPlsi.png,0.352,0.212,0.129,0.113,0.100,0.029,0.023,0.021,0.020
THX9f3n.png,0.468,0.253,0.066,0.056,0.050,0.049,0.029,0.020,0.009
lJVnWF2.png,0.698,0.256,0.015,0.011,0.011,0.005,0.002,0.001,0.001
MhnioLP.png,0.696,0.223,0.029,0.016,0.011,0.011,0.006,0.005,0.003
CqMB3fnW8AAsYQp.jpg,0.310,0.196,0.157,0.113,0.088,0.062,0.048,0.014,0.012
T35mICA.png,0.685,0.245,0.016,0.015,0.015,0.012,0.005,0.004,0.002
4j07SmD.png,0.560,0.348,0.030,0.028,0.016,0.012,0.002,0.001,0.001
VoNgxAD.png,0.425,0.360,0.093,0.048,0.040,0.014,0.010,0.005,0.004
VSbm5Ul.png,0.724,0.167,0.033,0.028,0.016,0.013,0.010,0.005,0.003
fC5euc2.png,0.433,0.166,0.147,0.132,0.050,0.029,0.021,0.019,0.004
Qj9x2wz.png,0.380,0.261,0.136,0.059,0.052,0.050,0.035,0.025,0.001
k6h3IIK.png,0.338,0.261,0.136,0.062,0.057,0.053,0.038,0.030,0.025
KMa8L39.png,0.503,0.417,0.037,0.015,0.009,0.008,0.006,0.004,0.001
kzLhUFd.png,0.608,0.276,0.034,0.022,0.019,0.017,0.012,0.007,0.005
hDJHnuW.png,0.273,0.220,0.156,0.095,0.093,0.070,0.050,0.037,0.004
f0kDhU7.png,0.483,0.349,0.086,0.038,0.029,0.009,0.005,0.001,0.000
9xksTiP.jpg.png,0.557,0.338,0.044,0.018,0.012,0.011,0.010,0.008,0.002
okIQiIu.png,0.624,0.279,0.024,0.023,0.017,0.013,0.010,0.006,0.005
taecqiR.png,0.369,0.323,0.093,0.075,0.041,0.037,0.031,0.016,0.015
CjZPiloXAAA1v_W.jpg,0.614,0.256,0.047,0.030,0.027,0.010,0.006,0.006,0.005
fsgozVS.png,0.298,0.294,0.114,0.090,0.088,0.053,0.025,0.021,0.017
CUsbUT2.png,0.579,0.122,0.111,0.109,0.047,0.012,0.011,0.006,0.004
DBSMGfC.png,0.754,0.115,0.039,0.032,0.020,0.014,0.010,0.009,0.006
oQWC8Od.png,0.462,0.439,0.039,0.016,0.016,0.013,0.008,0.004,0.004
V2wUrRj.png,0.304,0.233,0.138,0.085,0.066,0.061,0.052,0.039,0.022
bpc3wap.png,0.629,0.284,0.040,0.015,0.015,0.008,0.005,0.003,0.002
2pt7Wkd.png,0.358,0.303,0.112,0.072,0.058,0.030,0.030,0.024,0.012
9diI55h.jpg.png,0.742,0.188,0.032,0.017,0.016,0.003,0.001,0.001,0.001
k129f29.png,0.859,0.101,0.020,0.011,0.004,0.004,0.002,0.000,0.000
WDSz8Sa.png,0.450,0.187,0.186,0.065,0.052,0.027,0.024,0.007,0.002
CboHZesW8AACcdP.jpg,0.532,0.261,0.058,0.041,0.039,0.033,0.019,0.009,0.009
mHAg22Y.png,0.408,0.341,0.097,0.058,0.035,0.024,0.023,0.008,0.007
wzOK4S3.png,0.408,0.323,0.177,0.039,0.034,0.008,0.007,0.003,0.002
TFRcH6Q.png,0.467,0.268,0.058,0.055,0.051,0.036,0.032,0.026,0.006
X6BtuWV.png,0.424,0.289,0.075,0.074,0.042,0.042,0.027,0.019,0.008
kzNSl6e.png,0.517,0.408,0.031,0.014,0.012,0.008,0.006,0.002,0.002
7eTNqFK.png,0.541,0.316,0.040,0.027,0.022,0.020,0.017,0.013,0.003
EZMV9D9.png,0.260,0.210,0.152,0.113,0.070,0.062,0.050,0.047,0.037
D40IF3q.png,0.545,0.141,0.092,0.092,0.046,0.037,0.034,0.009,0.002
CW7tNBQU0AIADyq.jpg,0.583,0.186,0.095,0.047,0.034,0.020,0.013,0.011,0.010
C0JFBbU.png,0.585,0.149,0.071,0.063,0.048,0.035,0.024,0.017,0.006
pEPz8iF.png,0.554,0.304,0.051,0.031,0.030,0.013,0.010,0.005,0.002
Wl32YJG.png,0.577,0.196,0.056,0.054,0.033,0.032,0.026,0.015,0.013
hoApJnq.png,0.364,0.328,0.198,0.035,0.030,0.016,0.015,0.010,0.003
kxA5NIk.png,0.357,0.305,0.116,0.075,0.048,0.036,0.027,0.026,0.009
DZ2uQ50.png,0.356,0.269,0.158,0.083,0.042,0.036,0.028,0.026,0.002
hZ9k5JE.png,0.301,0.198,0.150,0.137,0.052,0.050,0.039,0.038,0.033
0vqvDs5.png,0.706,0.148,0.059,0.043,0.028,0.009,0.005,0.001,0.001
VAJZJJV.png,0.457,0.418,0.054,0.022,0.019,0.014,0.011,0.003,0.002
DAJu7lB.png,0.340,0.305,0.108,0.066,0.065,0.054,0.032,0.025,0.005
fU7SAmZ.png,0.558,0.255,0.068,0.050,0.029,0.018,0.013,0.007,0.002
oyjvlEa.png,0.297,0.282,0.214,0.149,0.028,0.016,0.008,0.005,0.001
6WELqLH.png,0.440,0.352,0.052,0.043,0.032,0.028,0.027,0.020,0.007
BScSZDe.png,0.692,0.087,0.078,0.046,0.028,0.024,0.023,0.017,0.005
uUc4OqX.png,0.503,0.332,0.044,0.040,0.037,0.024,0.008,0.007,0.005
fyAh3I0.png,0.463,0.182,0.124,0.087,0.055,0.037,0.034,0.012,0.008
mycUTal.png,0.457,0.292,0.062,0.060,0.055,0.029,0.029,0.011,0.003
88B7ag2.png,0.411,0.347,0.077,0.058,0.040,0.027,0.014,0.013,0.012
8oKcC3I.png,0.617,0.194,0.053,0.036,0.032,0.025,0.024,0.012,0.007
9mITvJA.png,0.452,0.392,0.039,0.032,0.030,0.029,0.017,0.007,0.004
PjZa9M1.png,0.362,0.177,0.145,0.098,0.069,0.052,0.043,0.034,0.019
TpIZoZr.png,0.450,0.413,0.056,0.020,0.019,0.013,0.012,0.011,0.005
VMtdwll.png,0.503,0.410,0.042,0.027,0.009,0.004,0.002,0.001,0.001
pgVlfQb.png,0.302,0.293,0.193,0.148,0.022,0.015,0.012,0.009,0.007
uelxFPQ.png,0.519,0.435,0.015,0.009,0.008,0.007,0.005,0.001,0.001
SGQOyjW.png,0.688,0.234,0.029,0.021,0.014,0.008,0.004,0.002,0.001
HyQBPvH.png,0.648,0.307,0.017,0.012,0.006,0.004,0.003,0.002,0.001
fdZpYpb.png,0.360,0.305,0.103,0.076,0.045,0.041,0.027,0.025,0.018
R2jWn36.png,0.606,0.180,0.057,0.048,0.044,0.025,0.024,0.014,0.003
ZOSUjXw.png,0.459,0.281,0.134,0.082,0.022,0.009,0.007,0.006,0.000
wKSn3TS.png,0.329,0.248,0.091,0.089,0.077,0.074,0.047,0.025,0.020
QonIrvr.png,0.339,0.235,0.159,0.148,0.039,0.031,0.025,0.016,0.007
8oOhdGX.png,0.507,0.400,0.036,0.021,0.012,0.012,0.006,0.004,0.001
tKPYO8r.png,0.396,0.241,0.138,0.099,0.037,0.032,0.031,0.021,0.005
Lsjt4TJ.png,0.663,0.276,0.027,0.012,0.010,0.008,0.001,0.001,0.001
z1gozo1.png,0.470,0.404,0.055,0.025,0.023,0.007,0.006,0.006,0.003
AJvEoxw.png,0.645,0.266,0.049,0.017,0.009,0.006,0.004,0.003,0.001
aKBYqSs.png,0.398,0.267,0.107,0.092,0.042,0.030,0.029,0.023,0.012
Hu8KaNu.png,0.396,0.283,0.124,0.081,0.038,0.035,0.022,0.016,0.004
se7MJYj.png,0.647,0.249,0.050,0.017,0.016,0.012,0.006,0.001,0.001
LAPqPzX.png,0.422,0.384,0.117,0.049,0.008,0.008,0.005,0.004,0.004
XtxfPFR.png,0.465,0.341,0.044,0.042,0.041,0.034,0.012,0.010,0.010
LeHuK4y.png,0.455,0.222,0.123,0.079,0.057,0.022,0.015,0.014,0.014
12XLnzK.png,0.438,0.382,0.078,0.041,0.029,0.011,0.008,0.006,0.006
Y85uWnm.png,0.596,0.186,0.092,0.042,0.033,0.029,0.015,0.004,0.003
XqB2jSY.png,0.392,0.333,0.079,0.074,0.059,0.020,0.019,0.013,0.012
PpxbGZC.png,0.572,0.164,0.112,0.066,0.043,0.015,0.011,0.011,0.006
76vgP7x.png,0.493,0.318,0.069,0.057,0.042,0.012,0.005,0.003,0.002
CZrwNVe.png,0.553,0.361,0.032,0.024,0.012,0.009,0.004,0.003,0.002
ztdf8dZ.png,0.294,0.262,0.168,0.085,0.065,0.059,0.049,0.012,0.006
BuTZiB-IAAIO3am.png,0.266,0.165,0.150,0.119,0.114,0.073,0.038,0.038,0.036
vHFo7dO.png,0.502,0.423,0.018,0.017,0.013,0.011,0.009,0.007,0.000
zl617iP.png,0.407,0.272,0.116,0.081,0.069,0.023,0.015,0.012,0.005
YJ1QbDX.png,0.473,0.333,0.076,0.047,0.031,0.026,0.008,0.003,0.002
iAztwx4.png,0.554,0.255,0.062,0.042,0.028,0.023,0.019,0.012,0.004
HSVyqdL.png,0.379,0.323,0.141,0.062,0.053,0.024,0.008,0.007,0.004
qDnIIHA.png,0.585,0.355,0.017,0.014,0.012,0.011,0.004,0.001,0.001
D9Hn7ll.png,0.499,0.217,0.096,0.050,0.041,0.040,0.031,0.022,0.003
NwQNeBd.png,0.517,0.365,0.057,0.021,0.017,0.007,0.007,0.007,0.002
SiKwS84.png,0.359,0.286,0.114,0.090,0.062,0.026,0.023,0.023,0.017
iutC6Qy.png,0.668,0.288,0.017,0.012,0.006,0.004,0.003,0.001,0.001
oHjgmJS.png,0.363,0.303,0.110,0.063,0.060,0.040,0.035,0.020,0.006
CVjO3Sz.png,0.676,0.114,0.064,0.047,0.042,0.025,0.022,0.008,0.003
JYTdhl9.png,0.354,0.221,0.189,0.074,0.056,0.039,0.029,0.023,0.015
Okb6dJB.png,0.721,0.086,0.057,0.055,0.045,0.017,0.008,0.007,0.004
O1JHlod.png,0.623,0.283,0.028,0.020,0.018,0.016,0.006,0.003,0.003
NDFCXLG.png,0.637,0.144,0.062,0.058,0.041,0.024,0.017,0.013,0.004
5YMQ6wi.png,0.704,0.118,0.052,0.042,0.029,0.019,0.015,0.013,0.008
ZwFfyVJ.png,0.640,0.296,0.027,0.019,0.011,0.002,0.002,0.002,0.001
FuuH1LD.png,0.469,0.333,0.062,0.046,0.035,0.018,0.018,0.011,0.007
rklsz23.png,0.405,0.393,0.059,0.042,0.039,0.031,0.018,0.011,0.002
V6MP5lX.png,0.652,0.258,0.026,0.023,0.021,0.010,0.005,0.004,0.001
s8bBJYS.png,0.394,0.230,0.095,0.071,0.067,0.058,0.035,0.029,0.020
VvMdZpV.png,0.505,0.432,0.023,0.017,0.011,0.005,0.002,0.002,0.002
8Fwa0DR.png,0.620,0.143,0.092,0.083,0.045,0.013,0.003,0.001,0.000
akXZYL5.png,0.457,0.394,0.050,0.045,0.018,0.015,0.011,0.006,0.004
Cc8PZCkXIAAmG0f.jpg,0.552,0.273,0.117,0.023,0.011,0.011,0.008,0.003,0.002
5Oznxbq.png,0.459,0.335,0.065,0.058,0.033,0.020,0.016,0.010,0.003
IWXLlFJ.png,0.337,0.297,0.231,0.073,0.018,0.017,0.014,0.008,0.006
mn6RF0J.png,0.566,0.274,0.068,0.031,0.027,0.020,0.007,0.005,0.002
1nSSB9S.png,0.368,0.314,0.224,0.030,0.022,0.018,0.015,0.008,0.001
RbOxrFZ.png,0.408,0.272,0.088,0.086,0.067,0.037,0.019,0.017,0.006
Wwe2NdZ.png,0.518,0.308,0.094,0.035,0.022,0.011,0.005,0.005,0.001
otKSntf.png,0.596,0.271,0.044,0.035,0.027,0.010,0.009,0.007,0.003
MfHuFve.png,0.568,0.147,0.107,0.052,0.048,0.046,0.018,0.007,0.006
N26emlc.png,0.734,0.192,0.025,0.020,0.012,0.006,0.004,0.004,0.004
0Te3Qys.png,0.382,0.225,0.178,0.061,0.061,0.045,0.024,0.017,0.006
CaqKlOXWIAAvy8L.jpg,0.642,0.268,0.040,0.021,0.014,0.006,0.005,0.004,0.002
0p7HM8n.png,0.472,0.324,0.114,0.046,0.020,0.017,0.006,0.002,0.000
Vi4Kjyx.png,0.663,0.287,0.020,0.017,0.006,0.004,0.001,0.001,0.001
7CIR9VI.png,0.497,0.241,0.123,0.050,0.050,0.015,0.010,0.009,0.006
xlV0M7Q.png,0.268,0.214,0.198,0.194,0.047,0.047,0.015,0.010,0.007
p95qrbn.png,0.309,0.299,0.144,0.100,0.098,0.017,0.015,0.012,0.007
JvY4wYr.png,0.290,0.256,0.198,0.089,0.065,0.040,0.033,0.021,0.008
nnEBoVw.png,0.793,0.124,0.027,0.027,0.014,0.007,0.004,0.002,0.002
KbTk7Rq.png,0.552,0.315,0.037,0.027,0.021,0.018,0.013,0.012,0.005
EMshcj9.png,0.699,0.165,0.051,0.043,0.019,0.010,0.007,0.003,0.002
BVzw01E.png,0.223,0.209,0.147,0.146,0.119,0.064,0.054,0.022,0.016
jAi3iI1.png,0.227,0.202,0.185,0.180,0.070,0.055,0.043,0.030,0.008
l6SOQGq.png,0.388,0.245,0.154,0.089,0.072,0.019,0.018,0.012,0.003
Xx9KwVV.png,0.335,0.147,0.115,0.110,0.104,0.092,0.043,0.039,0.015
qnRUXr8.png,0.300,0.196,0.176,0.119,0.069,0.057,0.047,0.020,0.015
yJZO4mQ.png,0.496,0.336,0.120,0.016,0.013,0.009,0.005,0.003,0.001
209BoJK.png,0.492,0.334,0.049,0.041,0.038,0.019,0.013,0.012,0.002
FrLLfI8.png,0.619,0.207,0.065,0.053,0.033,0.008,0.007,0.005,0.004
GbhHJH6.png,0.568,0.240,0.051,0.037,0.036,0.036,0.025,0.004,0.003
CguD5hk.png,0.366,0.124,0.112,0.095,0.093,0.084,0.058,0.037,0.031
aaQaOEz.png,0.524,0.445,0.013,0.006,0.005,0.004,0.003,0.001,0.000
W5DXy2F.png,0.581,0.360,0.017,0.014,0.014,0.008,0.002,0.002,0.001
st6NozD.png,0.523,0.322,0.052,0.048,0.021,0.020,0.007,0.004,0.002
AQFwrJx.png,0.538,0.364,0.026,0.026,0.019,0.018,0.004,0.003,0.001
bnQlLeN.png,0.427,0.287,0.120,0.051,0.039,0.036,0.022,0.011,0.008
SXvE9sL.png,0.752,0.112,0.049,0.020,0.018,0.018,0.014,0.009,0.008
CIFrUHV.png,0.638,0.284,0.026,0.017,0.014,0.009,0.004,0.004,0.002
krkcbjy.png,0.547,0.181,0.137,0.048,0.045,0.017,0.015,0.008,0.001
DB1R0kO.png,0.508,0.384,0.055,0.018,0.017,0.007,0.005,0.005,0.002
B_LgxAvVIAA_lu8.jpg,0.457,0.190,0.123,0.109,0.055,0.037,0.016,0.007,0.006
nHevBnI.png,0.531,0.247,0.073,0.043,0.041,0.031,0.019,0.011,0.004
yDO396v.png,0.548,0.170,0.121,0.048,0.029,0.029,0.027,0.015,0.013
6jA3QAb.png,0.697,0.227,0.029,0.018,0.011,0.008,0.006,0.005,0.000
9FjUVia.png,0.578,0.359,0.017,0.013,0.012,0.007,0.006,0.004,0.002
aTX7lyO.png,0.667,0.262,0.038,0.010,0.010,0.006,0.005,0.001,0.001
aK7Mzo4.png,0.684,0.230,0.034,0.018,0.012,0.011,0.005,0.004,0.002
qHS51uj.png,0.414,0.410,0.075,0.040,0.022,0.017,0.012,0.006,0.003
Ob1Q9v8.png,0.680,0.255,0.029,0.016,0.008,0.005,0.003,0.003,0.000
8mROrGY.png,0.407,0.313,0.108,0.056,0.052,0.023,0.018,0.017,0.007
sG2GSpb.png,0.261,0.217,0.156,0.150,0.071,0.047,0.046,0.038,0.015
KIiW0Lw.png,0.617,0.117,0.063,0.059,0.056,0.041,0.017,0.016,0.014
VwfCCk1.png,0.491,0.463,0.030,0.005,0.005,0.003,0.002,0.001,0.000
8NMWu57.png,0.755,0.121,0.038,0.029,0.023,0.015,0.010,0.008,0.001
Lo2ylA3.png,0.796,0.122,0.016,0.016,0.015,0.011,0.011,0.011,0.002
HnYtR6j.png,0.546,0.300,0.052,0.027,0.024,0.023,0.023,0.003,0.001
873SgEx.png,0.322,0.172,0.147,0.122,0.083,0.047,0.041,0.034,0.032
0EwB4LT.png,0.460,0.320,0.070,0.059,0.040,0.024,0.016,0.007,0.003
Xxc4mjq.png,0.635,0.173,0.047,0.045,0.044,0.022,0.017,0.011,0.006
QmLaggk.png,0.437,0.277,0.144,0.114,0.011,0.007,0.007,0.003,0.001
7S6NEVD.png,0.500,0.332,0.043,0.034,0.031,0.026,0.018,0.015,0.002
4ZKsrX3.png,0.512,0.125,0.080,0.074,0.065,0.064,0.045,0.028,0.005
giep513.png,0.492,0.385,0.033,0.028,0.016,0.016,0.015,0.009,0.007
2siNIoX.png,0.645,0.260,0.037,0.021,0.017,0.013,0.004,0.002,0.001
GaL4tca.png,0.518,0.268,0.092,0.037,0.032,0.021,0.018,0.010,0.004
4q1tono.png,0.536,0.169,0.140,0.110,0.024,0.010,0.007,0.003,0.002
NtpMxK9.png,0.580,0.269,0.055,0.031,0.024,0.017,0.011,0.008,0.005
ky2vvAw.png,0.656,0.268,0.021,0.021,0.020,0.010,0.002,0.002,0.001
FSeqQG9.png,0.395,0.274,0.071,0.071,0.063,0.055,0.036,0.020,0.016
hLMgzsp.png,0.492,0.293,0.080,0.033,0.030,0.027,0.024,0.019,0.003
iyTe9SI.png,0.413,0.340,0.077,0.067,0.043,0.042,0.008,0.008,0.002
LW5TKwe.png,0.663,0.210,0.039,0.032,0.022,0.018,0.008,0.005,0.002
Mmtyp8J.png,0.314,0.244,0.168,0.116,0.088,0.048,0.017,0.005,0.001
CpGttnLXYAATNHh.jpg,0.370,0.352,0.093,0.049,0.037,0.033,0.032,0.019,0.016
XwccSUy.png,0.716,0.188,0.023,0.023,0.017,0.014,0.011,0.005,0.002
aL1hjkE.png,0.643,0.314,0.017,0.009,0.008,0.005,0.003,0.001,0.000
iZgFwkB.png,0.487,0.296,0.115,0.031,0.030,0.024,0.013,0.002,0.001
XYERAZg.png,0.712,0.229,0.023,0.014,0.008,0.004,0.004,0.004,0.001
zr5VeQM.png,0.529,0.418,0.024,0.014,0.006,0.006,0.003,0.001,0.000
X7mEejq.jpg.png,0.911,0.066,0.016,0.003,0.002,0.001,0.001,0.000,0.000
7Lg5Rd2.png,0.493,0.224,0.091,0.082,0.051,0.030,0.016,0.011,0.001
z5sSuk3.png,0.493,0.407,0.032,0.018,0.017,0.012,0.011,0.007,0.003
EhpW75N.png,0.720,0.240,0.016,0.014,0.005,0.004,0.002,0.000,0.000
9kZb6UD.png,0.531,0.398,0.028,0.018,0.011,0.009,0.003,0.001,0.001
53U5Bca.png,0.393,0.367,0.082,0.070,0.050,0.012,0.011,0.010,0.005
qoZxIKO.png,0.807,0.131,0.029,0.011,0.009,0.007,0.003,0.002,0.001
ewKXYvk.png,0.532,0.327,0.045,0.035,0.023,0.019,0.013,0.004,0.002
ezoih5p.png,0.286,0.224,0.153,0.145,0.058,0.054,0.052,0.022,0.008
KCHMiA2.png,0.589,0.256,0.046,0.036,0.019,0.017,0.015,0.012,0.009
VYZEg9A.png,0.454,0.386,0.064,0.027,0.024,0.016,0.013,0.010,0.006
9BmlvFy.png,0.641,0.210,0.078,0.031,0.018,0.011,0.008,0.003,0.001
4hxCAfW.png,0.429,0.190,0.170,0.087,0.053,0.029,0.028,0.007,0.006
QLQ4taO.png,0.440,0.259,0.137,0.049,0.032,0.032,0.023,0.020,0.009
MZQc8jz.png,0.627,0.294,0.022,0.019,0.018,0.013,0.006,0.000,0.000
T9pQAFP.png,0.600,0.307,0.031,0.028,0.013,0.011,0.008,0.001,0.001
qv6y9xq.png,0.625,0.180,0.068,0.045,0.044,0.019,0.009,0.008,0.002
LJ3r8Gy.jpg.png,0.474,0.335,0.070,0.050,0.020,0.019,0.016,0.010,0.006
s972ZwU.png,0.479,0.266,0.167,0.026,0.016,0.014,0.014,0.013,0.005
5WXHaW4.png,0.450,0.440,0.037,0.023,0.022,0.018,0.006,0.002,0.002
j9AOSo2.png,0.479,0.190,0.114,0.072,0.066,0.044,0.017,0.010,0.007
XniGGU5.png,0.531,0.324,0.044,0.039,0.018,0.017,0.014,0.009,0.003
Z1VeVXi.png,0.526,0.239,0.080,0.065,0.062,0.014,0.008,0.004,0.001
lv3JsRq.png,0.644,0.308,0.026,0.008,0.006,0.004,0.003,0.001,0.001
88pU7QL.png,0.770,0.159,0.034,0.011,0.007,0.006,0.006,0.004,0.004
EsepD5Q.png,0.414,0.330,0.091,0.076,0.035,0.023,0.021,0.009,0.001
uTJaugb.png,0.549,0.316,0.054,0.029,0.026,0.010,0.009,0.003,0.003
ZffTHk2.png,0.325,0.194,0.135,0.126,0.082,0.062,0.039,0.021,0.017
1YQOnyG.png,0.623,0.226,0.090,0.016,0.016,0.012,0.006,0.006,0.005
dPkUsp1.png,0.457,0.438,0.028,0.019,0.018,0.016,0.011,0.008,0.005
yiS7xVy.png,0.349,0.181,0.143,0.119,0.084,0.042,0.028,0.027,0.025
nefjbtQ.png,0.698,0.176,0.039,0.028,0.024,0.020,0.008,0.006,0.002
B0rKblC.png,0.363,0.327,0.092,0.079,0.036,0.033,0.029,0.022,0.019
gaf6LVz.png,0.488,0.245,0.092,0.092,0.057,0.018,0.006,0.002,0.001
iMCzClJ.png,0.477,0.411,0.062,0.015,0.014,0.009,0.005,0.005,0.003
fXXcSD2.png,0.588,0.182,0.097,0.050,0.029,0.026,0.014,0.011,0.003
WvnX54P.png,0.587,0.198,0.063,0.043,0.042,0.029,0.019,0.014,0.004
Tf1mhKt.png,0.489,0.228,0.116,0.087,0.019,0.019,0.018,0.014,0.010
474EyYj.png,0.508,0.403,0.037,0.018,0.018,0.010,0.005,0.001,0.000
CMQqhImUkAAKeno.jpg,0.247,0.226,0.131,0.113,0.097,0.075,0.067,0.025,0.019
xyi7yMK.png,0.463,0.288,0.078,0.072,0.033,0.030,0.023,0.012,0.002
DmcdsLa.png,0.734,0.137,0.071,0.026,0.011,0.011,0.004,0.004,0.001
pW6hm0W.png,0.393,0.332,0.083,0.072,0.049,0.034,0.028,0.005,0.004
CcsU2lQUEAEoeuW.jpg,0.422,0.206,0.153,0.097,0.035,0.033,0.031,0.017,0.006
CcFmlzLW8AAxHkM.jpg,0.796,0.143,0.039,0.010,0.004,0.003,0.002,0.002,0.001
l0P4MzC.png,0.576,0.275,0.094,0.028,0.015,0.005,0.003,0.002,0.002
s1qivuu.png,0.282,0.178,0.127,0.122,0.096,0.082,0.059,0.035,0.019
h6Pkqkr.png,0.340,0.299,0.151,0.073,0.061,0.028,0.019,0.018,0.010
y898T2X.png,0.421,0.336,0.142,0.032,0.029,0.028,0.008,0.003,0.002
6V4OrKm.png,0.573,0.306,0.033,0.026,0.024,0.022,0.008,0.004,0.003
Ci45dogWEAA2bSb.jpg,0.363,0.251,0.131,0.080,0.060,0.057,0.028,0.018,0.013
2tuVUzz.png,0.380,0.252,0.095,0.074,0.064,0.063,0.031,0.025,0.017
AGGHufY.png,0.349,0.321,0.103,0.081,0.063,0.051,0.028,0.004,0.001
1f2zSW8.png,0.613,0.255,0.042,0.036,0.018,0.014,0.014,0.005,0.003
fkpqfLB.png,0.645,0.239,0.034,0.026,0.024,0.015,0.011,0.003,0.003
CibcteKWsAEgqh0.jpg,0.554,0.216,0.096,0.076,0.019,0.017,0.010,0.008,0.004
gzWfYg3.png,0.628,0.289,0.031,0.024,0.014,0.006,0.004,0.003,0.002
BkZ356ICIAAEHId.jpg,0.488,0.293,0.133,0.033,0.021,0.020,0.008,0.003,0.002
qKM2ucu.png,0.451,0.210,0.135,0.113,0.036,0.031,0.016,0.004,0.003
CecBrceWQAQR19j.jpg,0.543,0.146,0.129,0.119,0.032,0.011,0.008,0.006,0.006
sbWUiil.png,0.449,0.158,0.155,0.093,0.073,0.032,0.018,0.017,0.007
95L0GB6.png,0.623,0.264,0.058,0.018,0.015,0.009,0.008,0.005,0.001
NsCDfKJ.png,0.822,0.120,0.022,0.010,0.009,0.009,0.005,0.002,0.001
qHkGmLt.png,0.353,0.154,0.135,0.127,0.078,0.059,0.037,0.031,0.025
kO0gHF2.png,0.689,0.171,0.034,0.034,0.026,0.016,0.015,0.012,0.002
Ce0OU-iUIAALkmn.jpg,0.498,0.210,0.102,0.048,0.038,0.031,0.031,0.027,0.014
WBYOXcj.png,0.585,0.277,0.103,0.014,0.011,0.004,0.003,0.002,0.001
eRUFvRF.png,0.837,0.056,0.051,0.024,0.016,0.008,0.007,0.001,0.001
ybxXd8R.png,0.609,0.283,0.074,0.013,0.009,0.006,0.003,0.001,0.001
9h78t5i.png,0.756,0.156,0.024,0.020,0.014,0.011,0.010,0.008,0.001
3YtnZiU.png,0.429,0.333,0.064,0.057,0.050,0.024,0.024,0.011,0.008
bmM6pSU.png,0.463,0.406,0.065,0.038,0.016,0.005,0.004,0.002,0.002
yGHKtzg.png,0.541,0.249,0.072,0.049,0.043,0.018,0.010,0.010,0.009
gy3AJXJ.png,0.346,0.338,0.128,0.070,0.034,0.030,0.030,0.023,0.002
zs6maXI.png,0.538,0.273,0.059,0.048,0.030,0.021,0.018,0.009,0.003
OhXur08.png,0.362,0.227,0.154,0.106,0.082,0.026,0.020,0.016,0.007
H0Bh7VP.png,0.520,0.361,0.061,0.025,0.014,0.009,0.009,0.001,0.001
mpA6ezG.png,0.609,0.348,0.016,0.012,0.005,0.003,0.003,0.002,0.001
TbOyNzW.png,0.612,0.194,0.071,0.049,0.022,0.017,0.017,0.015,0.003
CdPJdPnVIAQqX9G.jpg,0.644,0.297,0.043,0.009,0.004,0.001,0.001,0.000,0.000
0nF9BpI.png,0.296,0.187,0.182,0.124,0.079,0.060,0.033,0.022,0.016
Pv3M76n.png,0.693,0.240,0.025,0.024,0.008,0.004,0.003,0.001,0.001
otfhxeo.png,0.310,0.286,0.103,0.093,0.066,0.058,0.055,0.021,0.008
h2nKIqJ.png,0.583,0.236,0.055,0.044,0.039,0.019,0.013,0.008,0.002
dcjraqN.png,0.383,0.232,0.118,0.079,0.073,0.048,0.035,0.025,0.008
L7jzD7i.png,0.260,0.227,0.186,0.086,0.078,0.053,0.046,0.043,0.022
oEGSd01.png,0.581,0.340,0.035,0.022,0.011,0.006,0.003,0.002,0.001
uTYLSi7.png,0.489,0.220,0.089,0.072,0.038,0.024,0.023,0.022,0.022
Nyo6x2Y.png,0.677,0.180,0.086,0.033,0.009,0.006,0.005,0.003,0.002
8UJlZ3J.png,0.403,0.373,0.118,0.038,0.031,0.024,0.005,0.005,0.002
NypZ28n.png,0.596,0.226,0.048,0.038,0.031,0.023,0.021,0.011,0.006
bcX0n1K.png,0.491,0.238,0.110,0.068,0.038,0.027,0.015,0.008,0.006
2aiRLNR.png,0.597,0.200,0.070,0.060,0.022,0.017,0.016,0.013,0.004
JK1w4yI.png,0.322,0.125,0.106,0.105,0.083,0.083,0.076,0.072,0.027
qq8wzMR.png,0.303,0.232,0.196,0.078,0.073,0.065,0.029,0.014,0.012
hV8hDZV.png,0.287,0.246,0.161,0.146,0.044,0.043,0.033,0.029,0.011
fW7CAvO.png,0.622,0.158,0.063,0.048,0.039,0.032,0.020,0.011,0.008
a1F6RKt.png,0.722,0.225,0.036,0.006,0.004,0.004,0.003,0.001,0.000
sG8faWv.png,0.653,0.245,0.050,0.020,0.015,0.013,0.002,0.001,0.001
2iaC1qq.png,0.629,0.257,0.045,0.027,0.022,0.008,0.006,0.005,0.001
pvCTAHi.png,0.553,0.290,0.058,0.040,0.028,0.017,0.008,0.004,0.002
RhODpdf.png,0.547,0.251,0.075,0.046,0.029,0.024,0.015,0.008,0.005
7rNwjnv.png,0.630,0.283,0.025,0.020,0.016,0.015,0.004,0.004,0.003
tcXzxyV.png,0.387,0.329,0.176,0.044,0.019,0.017,0.012,0.009,0.006
zQPb3nD.png,0.330,0.264,0.150,0.091,0.066,0.041,0.038,0.017,0.001
7Q0ReMA.png,0.220,0.204,0.156,0.144,0.117,0.092,0.037,0.025,0.006
TLQF1bX.png,0.516,0.406,0.036,0.019,0.010,0.005,0.003,0.003,0.001
5vVB395.png,0.277,0.241,0.228,0.182,0.030,0.020,0.014,0.006,0.003
C2Rjlth.png,0.412,0.407,0.050,0.049,0.025,0.019,0.017,0.016,0.007
h92g9FL.png,0.654,0.272,0.035,0.028,0.006,0.002,0.002,0.001,0.001
XTg6oYN.png,0.454,0.363,0.062,0.059,0.038,0.012,0.008,0.003,0.001
94anjQG.png,0.698,0.132,0.085,0.035,0.023,0.011,0.010,0.004,0.002
ubeo3Ya.png,0.220,0.215,0.173,0.130,0.097,0.065,0.043,0.039,0.019
PdPdKfd.png,0.337,0.162,0.149,0.118,0.090,0.086,0.023,0.022,0.014
JbWv3sM.png,0.838,0.137,0.007,0.007,0.003,0.003,0.002,0.002,0.001
CbYe-4SW8AAmvbJ.jpg,0.590,0.350,0.021,0.016,0.009,0.008,0.004,0.002,0.001
ysAk127.png,0.554,0.173,0.147,0.046,0.025,0.023,0.016,0.009,0.006
CwHWOROW8AA09nd.jpg,0.261,0.198,0.130,0.117,0.089,0.076,0.071,0.050,0.009
CdsdCaHXIAEw1An.jpg,0.470,0.251,0.089,0.080,0.069,0.018,0.008,0.007,0.007
T4u74mL.png,0.387,0.246,0.074,0.063,0.062,0.061,0.060,0.025,0.021
BCah7Wz.png,0.442,0.441,0.061,0.017,0.016,0.014,0.004,0.002,0.001
fmTCPZO.png,0.837,0.120,0.012,0.011,0.007,0.007,0.004,0.001,0.001
2MXmVri.png,0.587,0.314,0.029,0.029,0.026,0.004,0.004,0.003,0.003
4j4jraI.png,0.439,0.325,0.109,0.054,0.035,0.016,0.013,0.007,0.002
DDWmGxP.png,0.818,0.119,0.036,0.014,0.005,0.004,0.003,0.001,0.000
L6WFxJs.png,0.481,0.170,0.109,0.105,0.046,0.043,0.034,0.006,0.006
UzN2sz1.png,0.646,0.213,0.068,0.038,0.013,0.011,0.004,0.004,0.002
bDIJ7sx.png,0.465,0.298,0.126,0.041,0.031,0.019,0.017,0.003,0.002
s3iOROE.png,0.532,0.239,0.105,0.056,0.033,0.014,0.009,0.007,0.006
lPguwLG.png,0.591,0.088,0.082,0.074,0.069,0.066,0.016,0.009,0.005
BVzBIgy.png,0.577,0.325,0.023,0.019,0.017,0.017,0.016,0.004,0.001
gtxLH3X.png,0.361,0.199,0.180,0.131,0.076,0.020,0.017,0.011,0.005
BWopGu8.png,0.475,0.417,0.053,0.023,0.016,0.008,0.006,0.002,0.001
D1uY1Ye.png,0.704,0.173,0.064,0.035,0.015,0.005,0.002,0.002,0.001
Cco_BiaUMAAla6m.jpg,0.521,0.357,0.077,0.019,0.012,0.005,0.004,0.004,0.001
ZAloCy9.png,0.585,0.245,0.054,0.049,0.029,0.019,0.009,0.006,0.005
dCBEORM.png,0.450,0.197,0.135,0.074,0.063,0.044,0.026,0.006,0.005
TgSYoWe.png,0.312,0.263,0.176,0.065,0.061,0.059,0.035,0.014,0.012
rgYqE0y.png,0.529,0.333,0.046,0.036,0.031,0.013,0.006,0.004,0.002
rGPad5Y.png,0.573,0.312,0.052,0.029,0.010,0.009,0.007,0.004,0.004
RX8t7Jd.png,0.665,0.212,0.046,0.035,0.015,0.011,0.006,0.006,0.003
SWxsby2.png,0.498,0.247,0.115,0.044,0.038,0.022,0.018,0.015,0.005
gSIuTfF.png,0.629,0.300,0.048,0.011,0.008,0.002,0.002,0.001,0.000
WDUgdRk.png,0.356,0.328,0.114,0.053,0.048,0.048,0.037,0.010,0.007
BNPocHU.png,0.330,0.208,0.140,0.101,0.082,0.080,0.030,0.020,0.009
phyDxAb.png,0.532,0.327,0.053,0.024,0.022,0.019,0.016,0.006,0.002
NpsCjMn.png,0.572,0.288,0.059,0.026,0.023,0.016,0.008,0.004,0.003
kixSnlQ.png,0.684,0.269,0.017,0.010,0.008,0.008,0.001,0.001,0.001
PAEZU3T.png,0.259,0.192,0.187,0.123,0.121,0.070,0.019,0.017,0.011
7COAAL3.png,0.475,0.467,0.028,0.012,0.007,0.005,0.002,0.002,0.001
D9Zr2dU.png,0.637,0.254,0.043,0.030,0.015,0.015,0.002,0.002,0.001
2d5AxL6.png,0.487,0.202,0.142,0.043,0.040,0.030,0.028,0.019,0.011
AY91zJl.png,0.680,0.264,0.040,0.005,0.005,0.004,0.001,0.001,0.000
3Zz0vux.png,0.679,0.199,0.072,0.023,0.018,0.005,0.002,0.002,0.001
mOHGolk.png,0.588,0.160,0.126,0.054,0.027,0.019,0.012,0.010,0.005
NdIEduW.png,0.247,0.183,0.158,0.137,0.113,0.074,0.036,0.032,0.020
9A372Gl.png,0.627,0.269,0.025,0.021,0.016,0.013,0.012,0.009,0.007
pOkTegk.png,0.426,0.414,0.058,0.035,0.034,0.022,0.007,0.002,0.001
4LoGRB5.png,0.527,0.244,0.058,0.049,0.036,0.032,0.031,0.017,0.007
5oT4c6d.png,0.538,0.188,0.128,0.056,0.031,0.027,0.018,0.011,0.002
0SvkQMd.png,0.662,0.170,0.051,0.039,0.019,0.018,0.018,0.012,0.011
cWdiU5k.png,0.550,0.214,0.114,0.065,0.018,0.015,0.011,0.010,0.002
V7Ie6Os.png,0.292,0.247,0.157,0.121,0.048,0.048,0.045,0.026,0.015
SazlDcs.png,0.314,0.286,0.164,0.118,0.040,0.037,0.023,0.012,0.006
3cvbmM0.png,0.467,0.355,0.071,0.064,0.019,0.009,0.007,0.007,0.001
TWjXbPK.png,0.510,0.393,0.046,0.023,0.015,0.006,0.004,0.003,0.001
cljHNxO.png,0.519,0.211,0.137,0.035,0.028,0.026,0.019,0.018,0.005
QebeqSh.png,0.624,0.289,0.020,0.019,0.016,0.015,0.008,0.005,0.004
CdXi98yXEAA33CR.jpg,0.573,0.343,0.024,0.019,0.018,0.010,0.004,0.004,0.004
3bqSgzm.png,0.437,0.382,0.046,0.031,0.029,0.028,0.022,0.020,0.005
te0QdLn.png,0.482,0.437,0.024,0.021,0.016,0.009,0.008,0.003,0.001
p3MNKdN.png,0.566,0.139,0.123,0.086,0.064,0.014,0.005,0.003,0.001
CagRUffUcAExvLF.jpg,0.505,0.303,0.061,0.036,0.036,0.029,0.013,0.010,0.006
9dArUsU.png,0.477,0.278,0.115,0.064,0.043,0.010,0.007,0.003,0.002
zvdzU3y.png,0.646,0.217,0.047,0.033,0.030,0.010,0.007,0.005,0.005
VOFh4qX.png,0.814,0.118,0.038,0.011,0.007,0.006,0.004,0.001,0.001
eeuDu6t.png,0.515,0.211,0.079,0.076,0.040,0.031,0.017,0.017,0.015
CvOg2va.png,0.301,0.278,0.135,0.134,0.086,0.030,0.026,0.008,0.003
m4oY5vK.png,0.451,0.323,0.074,0.053,0.033,0.032,0.030,0.003,0.001
Rb48yZM.png,0.539,0.411,0.017,0.010,0.008,0.007,0.004,0.003,0.001
DNwiCOI.png,0.590,0.157,0.066,0.056,0.042,0.025,0.023,0.021,0.019
N4EIWJX.png,0.448,0.317,0.124,0.054,0.027,0.015,0.009,0.005,0.001
0WBXRH9.png,0.507,0.223,0.117,0.042,0.038,0.029,0.024,0.015,0.005
LEMUxIr.png,0.473,0.427,0.065,0.012,0.008,0.006,0.004,0.003,0.001
AMzup5d.png,0.545,0.255,0.083,0.083,0.010,0.009,0.007,0.004,0.003
BmKzn6gIYAIwC-U.jpg,0.562,0.217,0.116,0.066,0.012,0.012,0.008,0.004,0.003
CuvsjyLWgAAXnz9.jpg,0.435,0.408,0.055,0.040,0.032,0.013,0.008,0.007,0.002
nm9n7k0.png,0.555,0.306,0.047,0.040,0.018,0.011,0.010,0.009,0.004
ddkILbG.png,0.538,0.339,0.045,0.029,0.024,0.016,0.004,0.002,0.002
ZbqRtuL.png,0.309,0.246,0.151,0.126,0.076,0.037,0.026,0.025,0.004
jyxHhiB.png,0.620,0.293,0.051,0.014,0.013,0.006,0.002,0.001,0.000
nlzn1IN.png,0.505,0.371,0.055,0.027,0.021,0.012,0.005,0.004,0.001
9n1Tjiz.png,0.603,0.257,0.056,0.045,0.025,0.009,0.004,0.000,0.000
rZGXxM4.png,0.302,0.297,0.164,0.090,0.056,0.031,0.027,0.023,0.012
KZoud4R.png,0.366,0.180,0.130,0.107,0.060,0.057,0.043,0.032,0.026
hF5Bi0f.png,0.551,0.398,0.027,0.012,0.006,0.003,0.003,0.000,0.000
m85k7GR.png,0.425,0.372,0.082,0.051,0.026,0.018,0.015,0.007,0.003
uDZH05A.png,0.571,0.215,0.059,0.052,0.045,0.025,0.022,0.008,0.003
eMSADPX.png,0.632,0.288,0.029,0.022,0.015,0.007,0.003,0.003,0.002
jkdwXzP.png,0.476,0.155,0.152,0.087,0.075,0.019,0.015,0.015,0.005
V9SBG1K.png,0.509,0.276,0.145,0.028,0.017,0.014,0.004,0.004,0.003
vzQSRVt.png,0.581,0.273,0.074,0.037,0.015,0.008,0.006,0.005,0.001
QLgpXMT.png,0.730,0.148,0.072,0.016,0.014,0.009,0.006,0.003,0.001
0P5i3yI.png,0.425,0.382,0.092,0.043,0.037,0.013,0.007,0.001,0.000
8ZOPW62.png,0.565,0.337,0.030,0.029,0.015,0.009,0.006,0.005,0.003
H7Ob55y.png,0.766,0.190,0.015,0.012,0.008,0.007,0.002,0.000,0.000
91sHVxQ.png,0.425,0.211,0.140,0.122,0.029,0.025,0.017,0.017,0.013
oKD3FG3.png,0.301,0.211,0.192,0.087,0.084,0.068,0.031,0.013,0.013
QbYt8jJ.png,0.493,0.403,0.033,0.027,0.017,0.010,0.009,0.006,0.001
jG51M2l.png,0.222,0.221,0.197,0.161,0.088,0.050,0.030,0.022,0.009
JZOT6IU.png,0.636,0.152,0.114,0.058,0.021,0.007,0.006,0.006,0.001
mZmgkws.png,0.753,0.179,0.030,0.016,0.010,0.004,0.004,0.003,0.002
1DY6I9Q.png,0.278,0.237,0.113,0.100,0.093,0.061,0.059,0.045,0.014
Cf87U8rW4AAtlvE.jpg,0.402,0.379,0.070,0.058,0.034,0.019,0.015,0.015,0.009
yZLLqn4.png,0.609,0.248,0.051,0.040,0.017,0.015,0.009,0.008,0.003
CPVA4poWoAAhOs6.jpg,0.475,0.244,0.114,0.094,0.045,0.013,0.007,0.005,0.003
bCuLRM2.png,0.576,0.339,0.032,0.023,0.013,0.009,0.004,0.002,0.001
MLw5fUA.png,0.625,0.279,0.023,0.019,0.019,0.015,0.009,0.008,0.004
WZ1NLSt.png,0.442,0.364,0.063,0.050,0.038,0.029,0.007,0.005,0.002
VOiuzA6.png,0.644,0.284,0.022,0.021,0.021,0.003,0.003,0.001,0.000
qSyop93.png,0.623,0.271,0.035,0.030,0.016,0.011,0.009,0.003,0.001
Ar6lu6P.png,0.640,0.185,0.066,0.036,0.033,0.021,0.011,0.007,0.002
CkbzAqAUoAUJ311.jpg,0.570,0.237,0.166,0.008,0.007,0.004,0.003,0.003,0.001
Svfe8vm.png,0.422,0.357,0.123,0.055,0.018,0.012,0.008,0.003,0.002
Ktvna1u.png,0.422,0.317,0.116,0.063,0.059,0.016,0.003,0.002,0.001
l7UFL6x.png,0.361,0.356,0.177,0.043,0.033,0.024,0.003,0.002,0.001
mrjFNGX.png,0.345,0.315,0.118,0.099,0.099,0.010,0.008,0.003,0.003
xJiXDnY.png,0.637,0.121,0.087,0.058,0.057,0.018,0.010,0.007,0.004
NssAP3V.png,0.571,0.270,0.081,0.025,0.023,0.019,0.006,0.004,0.002
7juAkcv.png,0.769,0.139,0.027,0.018,0.014,0.012,0.010,0.008,0.002
9CYSG3P.png,0.492,0.451,0.022,0.014,0.009,0.008,0.002,0.001,0.001
m0FKJHM.png,0.536,0.353,0.032,0.029,0.023,0.010,0.008,0.007,0.003
vbrzXLV.png,0.522,0.337,0.066,0.025,0.018,0.018,0.011,0.002,0.002
nWjooc9.png,0.558,0.385,0.025,0.018,0.004,0.004,0.004,0.001,0.001
xrh5RQD.png,0.719,0.110,0.066,0.058,0.020,0.011,0.009,0.005,0.001
dZVtSfm.png,0.552,0.290,0.048,0.040,0.028,0.028,0.006,0.005,0.003
X2dmDrp.png,0.342,0.310,0.092,0.074,0.059,0.057,0.034,0.020,0.011
ZWajHQq.png,0.583,0.299,0.030,0.027,0.026,0.025,0.004,0.004,0.001
CcmXJPoUcAAkauM.jpg,0.601,0.225,0.046,0.046,0.035,0.028,0.008,0.006,0.005
sW3bJWW.png,0.438,0.406,0.051,0.040,0.031,0.010,0.010,0.010,0.004
gK5tKHN.png,0.501,0.378,0.043,0.033,0.013,0.012,0.008,0.006,0.004
WiqI5X3.png,0.711,0.236,0.022,0.011,0.008,0.007,0.003,0.001,0.001
yHg7DkU.png,0.541,0.098,0.093,0.082,0.078,0.045,0.028,0.020,0.015
5NWPOQp.png,0.683,0.256,0.019,0.016,0.012,0.005,0.004,0.004,0.001
T7sOpjA.png,0.835,0.107,0.031,0.011,0.007,0.005,0.002,0.001,0.001
gdHUw8d.png,0.626,0.302,0.024,0.013,0.010,0.009,0.008,0.005,0.002
DheGAH3.png,0.483,0.459,0.023,0.012,0.011,0.004,0.004,0.003,0.001
xLXvr9t.png,0.499,0.189,0.118,0.099,0.073,0.008,0.005,0.005,0.005
CFa0OLu.png,0.438,0.211,0.081,0.068,0.068,0.050,0.046,0.031,0.007
zoIImWJ.png,0.550,0.343,0.046,0.024,0.014,0.013,0.006,0.004,0.001
CfUTJmj.png,0.646,0.223,0.044,0.035,0.022,0.014,0.007,0.006,0.004
9gSRNmP.png,0.765,0.150,0.051,0.022,0.004,0.004,0.003,0.001,0.000
yBjFq4v.png,0.471,0.313,0.052,0.046,0.045,0.026,0.022,0.014,0.011
8ItzKTN.png,0.470,0.117,0.113,0.085,0.081,0.062,0.056,0.011,0.006
D1xG5.png,0.587,0.227,0.047,0.044,0.033,0.032,0.016,0.008,0.006
kUlXoaa.png,0.786,0.143,0.042,0.019,0.003,0.003,0.003,0.001,0.000
ET5rdX2.png,0.525,0.198,0.077,0.069,0.057,0.022,0.017,0.017,0.016
gOHWdbe.png,0.519,0.429,0.014,0.012,0.010,0.008,0.005,0.002,0.001
Qlm1siZ.png,0.429,0.234,0.119,0.088,0.059,0.033,0.018,0.014,0.006
Pn18AKw.png,0.707,0.253,0.030,0.005,0.003,0.001,0.001,0.000,0.000
8jiJ4Zt.png,0.546,0.184,0.094,0.064,0.047,0.042,0.018,0.004,0.001
risXjE4.png,0.548,0.294,0.059,0.035,0.027,0.023,0.006,0.005,0.002
WSdFOAD.png,0.611,0.256,0.038,0.032,0.026,0.013,0.012,0.008,0.004
KiYSMvi.png,0.564,0.210,0.169,0.043,0.005,0.002,0.002,0.002,0.002
X0RNiHr.png,0.580,0.156,0.065,0.056,0.049,0.033,0.030,0.027,0.004
b3N3bmV.png,0.623,0.155,0.110,0.036,0.026,0.022,0.019,0.007,0.001
gSYEayq.png,0.599,0.296,0.033,0.031,0.022,0.011,0.004,0.003,0.002
1iLg1U1.png,0.717,0.248,0.011,0.009,0.004,0.003,0.003,0.003,0.002
cnkpnzp.png,0.472,0.388,0.041,0.026,0.026,0.025,0.013,0.007,0.002
4KXGjz0.png,0.441,0.400,0.109,0.018,0.014,0.010,0.005,0.004,0.001
pyCWWr7.png,0.553,0.390,0.019,0.012,0.010,0.006,0.004,0.003,0.003
WVeMKB9.png,0.486,0.214,0.113,0.066,0.047,0.028,0.024,0.018,0.004
XX28NwO.png,0.382,0.324,0.125,0.098,0.033,0.026,0.009,0.002,0.001
GaQNDn2.png,0.384,0.213,0.162,0.094,0.066,0.034,0.021,0.016,0.011
FvlpogZ.png,0.505,0.140,0.126,0.103,0.049,0.030,0.022,0.016,0.010
lVOjKnR.png,0.512,0.369,0.075,0.019,0.009,0.007,0.005,0.002,0.002
XoR7xtd.png,0.310,0.256,0.199,0.142,0.039,0.020,0.014,0.014,0.007
zq7bXGu.png,0.472,0.370,0.068,0.034,0.029,0.015,0.008,0.002,0.002
6r16i0p.png,0.665,0.282,0.013,0.013,0.012,0.005,0.004,0.004,0.003
naXRSpK.png,0.560,0.128,0.119,0.060,0.050,0.036,0.024,0.017,0.006
rDy2M4O.png,0.506,0.380,0.029,0.022,0.020,0.017,0.016,0.009,0.002
xYTrJJp.png,0.432,0.430,0.034,0.033,0.026,0.021,0.015,0.006,0.004
CjRhYGU.png,0.475,0.362,0.058,0.048,0.038,0.009,0.006,0.003,0.001
FYijK60.png,0.511,0.243,0.069,0.054,0.046,0.041,0.028,0.004,0.003
QnLfqfX.png,0.725,0.153,0.046,0.036,0.018,0.007,0.006,0.005,0.005
55A2AUa.png,0.566,0.374,0.026,0.022,0.007,0.002,0.002,0.001,0.000
xQkfJse.png,0.416,0.278,0.126,0.077,0.051,0.023,0.016,0.007,0.005
QQnZqPB.png,0.528,0.387,0.044,0.024,0.007,0.006,0.002,0.001,0.001
uDbb5Gk.png,0.539,0.331,0.053,0.033,0.015,0.011,0.009,0.005,0.004
JsZdMIq.png,0.532,0.167,0.113,0.073,0.037,0.027,0.022,0.021,0.007
6NFcW7v.png,0.328,0.227,0.121,0.099,0.069,0.057,0.041,0.033,0.026
xtvEjIx.png,0.574,0.276,0.082,0.021,0.018,0.013,0.007,0.006,0.002
1Yj5Kns.png,0.485,0.216,0.122,0.072,0.028,0.024,0.021,0.019,0.012
MQqsZvW.png,0.723,0.125,0.050,0.045,0.028,0.013,0.010,0.004,0.002
C5mm2gl.png,0.609,0.236,0.058,0.055,0.028,0.006,0.004,0.003,0.001
xOFyAk8.png,0.231,0.207,0.206,0.115,0.092,0.059,0.044,0.029,0.017
p3u6fbf.png,0.731,0.141,0.052,0.025,0.016,0.014,0.011,0.006,0.003
3fsUJvp.png,0.751,0.204,0.013,0.009,0.008,0.007,0.005,0.001,0.001
6faN492.png,0.475,0.417,0.051,0.023,0.019,0.008,0.003,0.002,0.002
CfU-_jqW4AAmTBw.jpg,0.470,0.413,0.036,0.027,0.025,0.020,0.004,0.003,0.002
bUfWNUp.png,0.407,0.270,0.083,0.083,0.070,0.053,0.029,0.003,0.002
JHF6hFI.png,0.673,0.244,0.030,0.022,0.011,0.009,0.008,0.002,0.001
tMzNcad.png,0.319,0.285,0.126,0.066,0.064,0.060,0.041,0.037,0.001
iOyEYMl.png,0.314,0.178,0.171,0.117,0.075,0.073,0.039,0.027,0.006
XMReWCt.png,0.540,0.339,0.047,0.025,0.022,0.015,0.005,0.005,0.002
jVHe747.png,0.571,0.358,0.026,0.017,0.014,0.005,0.003,0.003,0.002
qMmIGUr.png,0.459,0.190,0.132,0.091,0.077,0.019,0.018,0.009,0.006
00DjNzR.png,0.528,0.376,0.034,0.027,0.017,0.007,0.007,0.003,0.001
RfpjmXp.png,0.529,0.351,0.050,0.042,0.016,0.006,0.004,0.002,0.001
ykGRBWn.png,0.459,0.376,0.044,0.037,0.031,0.028,0.018,0.005,0.004
CVf4HDmWcAE_Q4m.png,0.743,0.206,0.015,0.011,0.011,0.008,0.003,0.002,0.001
mVDgP9C.png,0.413,0.165,0.116,0.104,0.100,0.038,0.027,0.024,0.011
IpwuEVr.png,0.554,0.175,0.137,0.064,0.022,0.020,0.018,0.006,0.003
v2dOGRp.png,0.640,0.260,0.030,0.019,0.019,0.017,0.009,0.004,0.003
u4QjzUI.png,0.359,0.290,0.094,0.093,0.084,0.032,0.018,0.016,0.013
TL8WSKV.png,0.491,0.324,0.053,0.040,0.036,0.030,0.022,0.002,0.002
zAUFD7y.png,0.474,0.397,0.047,0.031,0.025,0.013,0.005,0.004,0.002
k6x2h2d.png,0.689,0.251,0.024,0.011,0.011,0.006,0.004,0.003,0.001
gbt5ETH.jpg.png,0.540,0.169,0.152,0.054,0.039,0.020,0.018,0.005,0.002
rmlkOMu.png,0.515,0.348,0.056,0.023,0.021,0.020,0.013,0.003,0.002
NyP2PbK.png,0.533,0.370,0.056,0.016,0.010,0.008,0.004,0.002,0.001
koxcr8J.png,0.722,0.216,0.018,0.017,0.014,0.008,0.002,0.001,0.001
UK1yqyr.png,0.588,0.178,0.112,0.037,0.034,0.025,0.018,0.006,0.001
Wk0Wz2D.png,0.476,0.454,0.024,0.021,0.011,0.008,0.006,0.001,0.000
3wirGHJ.png,0.540,0.251,0.091,0.041,0.030,0.017,0.017,0.007,0.006
qERLZTk.png,0.787,0.184,0.008,0.007,0.005,0.003,0.003,0.002,0.000
5hhUFqA.png,0.525,0.354,0.036,0.021,0.019,0.017,0.015,0.007,0.006
QNB8H2s.png,0.351,0.291,0.084,0.075,0.073,0.069,0.030,0.014,0.012
7P6yB0D.png,0.666,0.201,0.074,0.023,0.014,0.010,0.009,0.002,0.001
6G0PNe1.png,0.573,0.258,0.091,0.025,0.018,0.016,0.008,0.007,0.005
95yFB4s.png,0.726,0.147,0.075,0.017,0.014,0.010,0.006,0.003,0.001
ZEjNdo0.png,0.542,0.325,0.047,0.033,0.021,0.016,0.013,0.002,0.002
zKbUmLB.png,0.611,0.119,0.094,0.067,0.046,0.034,0.016,0.011,0.003
zZIOwqg.png,0.477,0.311,0.081,0.032,0.028,0.021,0.020,0.017,0.014
puHulqv.png,0.661,0.290,0.023,0.010,0.006,0.006,0.003,0.002,0.001
mZvaiMI.png,0.627,0.268,0.040,0.023,0.014,0.012,0.009,0.005,0.001
A0wcV4g.png,0.516,0.231,0.089,0.041,0.040,0.036,0.028,0.018,0.001
JxTc0EC.png,0.384,0.364,0.100,0.074,0.043,0.020,0.008,0.004,0.002
jn4oI6f.png,0.263,0.227,0.199,0.101,0.074,0.045,0.041,0.040,0.009
swzhNs4.png,0.552,0.160,0.097,0.077,0.040,0.035,0.016,0.012,0.012
cAm7azy.png,0.343,0.269,0.178,0.119,0.048,0.021,0.013,0.006,0.002
u9FeEuE.png,0.591,0.241,0.101,0.026,0.016,0.013,0.006,0.004,0.003
ZMaAKc9.png,0.587,0.184,0.107,0.071,0.018,0.017,0.008,0.007,0.002
mVjzFQY.png,0.433,0.426,0.051,0.031,0.018,0.015,0.014,0.009,0.003
sKiuQVf.png,0.849,0.062,0.046,0.025,0.007,0.006,0.003,0.001,0.001
CuXk-UQWYAAs43F.jpg,0.422,0.418,0.052,0.034,0.028,0.021,0.012,0.007,0.006
mSA9fTA.png,0.677,0.222,0.028,0.024,0.021,0.017,0.006,0.002,0.002
cnUn6I4.png,0.461,0.332,0.127,0.025,0.021,0.011,0.009,0.008,0.005
OH0Nuxb.png,0.785,0.134,0.041,0.017,0.011,0.008,0.003,0.001,0.001
IhjXkUr.png,0.486,0.353,0.045,0.042,0.030,0.021,0.011,0.008,0.005
8mhcYsP.png,0.600,0.262,0.041,0.027,0.026,0.017,0.017,0.008,0.002
nqfekut.png,0.459,0.143,0.142,0.096,0.074,0.039,0.028,0.009,0.009
b3IhU9Z.png,0.332,0.186,0.130,0.119,0.084,0.056,0.052,0.031,0.010
yLF1GSc.png,0.541,0.270,0.063,0.042,0.037,0.021,0.011,0.008,0.007
43LJZG9.png,0.418,0.248,0.094,0.082,0.064,0.052,0.019,0.015,0.008
ugTPNMd.png,0.593,0.302,0.052,0.017,0.014,0.011,0.005,0.003,0.002
34nLFqO.png,0.396,0.210,0.111,0.099,0.062,0.060,0.030,0.024,0.007
uGV2kpi.png,0.332,0.321,0.132,0.103,0.042,0.032,0.027,0.010,0.002
E0JmmKR.png,0.422,0.327,0.086,0.066,0.040,0.039,0.007,0.007,0.005
pdaFFC4.png,0.750,0.133,0.041,0.029,0.029,0.010,0.005,0.002,0.001
CySpKqI.png,0.373,0.307,0.099,0.053,0.049,0.042,0.040,0.031,0.006
MmdEDKF.png,0.566,0.110,0.098,0.066,0.054,0.047,0.027,0.019,0.014
27nZ2PK.png,0.470,0.188,0.114,0.084,0.050,0.041,0.021,0.018,0.015
fLxsrjJ.png,0.327,0.317,0.112,0.074,0.050,0.044,0.035,0.032,0.008
k7472hu.png,0.410,0.246,0.153,0.069,0.045,0.034,0.018,0.015,0.009
gsH7Gel.png,0.468,0.175,0.120,0.086,0.054,0.041,0.034,0.020,0.002
H6vd1DD.png,0.484,0.262,0.065,0.055,0.041,0.038,0.032,0.014,0.009
QTNlTQo.png,0.585,0.128,0.092,0.059,0.051,0.026,0.025,0.017,0.017
iQ0COdD.png,0.397,0.381,0.065,0.044,0.033,0.031,0.020,0.015,0.013
9HHSnfe.png,0.419,0.282,0.115,0.081,0.033,0.021,0.018,0.017,0.014
TOuTChz.png,0.606,0.326,0.033,0.019,0.009,0.004,0.003,0.000,0.000
s9Z2Han.png,0.518,0.272,0.072,0.061,0.029,0.028,0.014,0.005,0.001
TyYDiSx.png,0.489,0.228,0.176,0.057,0.022,0.014,0.005,0.005,0.004
CsdehGlWgAAv2HI.jpg,0.562,0.367,0.015,0.014,0.014,0.010,0.008,0.007,0.004
h45acTC.png,0.397,0.248,0.095,0.074,0.059,0.038,0.036,0.031,0.022
WPnY6NN.png,0.660,0.292,0.014,0.012,0.011,0.004,0.003,0.002,0.002
2myYC1v.png,0.461,0.210,0.108,0.097,0.087,0.016,0.015,0.005,0.001
Er3pBdJ.png,0.469,0.358,0.044,0.033,0.032,0.030,0.014,0.013,0.007
Rqzw9Co.png,0.783,0.123,0.028,0.022,0.015,0.011,0.007,0.007,0.003
JBUKM8i.png,0.634,0.312,0.017,0.011,0.010,0.008,0.004,0.003,0.001
AthUmaI.png,0.766,0.185,0.024,0.012,0.008,0.002,0.002,0.001,0.000
Eq9f1cu.png,0.652,0.189,0.100,0.022,0.022,0.009,0.004,0.002,0.000
oRz3Ms8.png,0.750,0.203,0.021,0.013,0.005,0.003,0.003,0.001,0.000
18nGcfg.png,0.596,0.322,0.028,0.022,0.015,0.008,0.007,0.001,0.000
zOImoh5.png,0.492,0.426,0.029,0.020,0.017,0.010,0.002,0.001,0.001
yWd3NEB.png,0.434,0.352,0.069,0.055,0.040,0.024,0.010,0.009,0.006
LE4FyLF.png,0.587,0.227,0.047,0.044,0.033,0.032,0.016,0.008,0.006
p2ciRYD.png,0.493,0.429,0.034,0.022,0.009,0.005,0.004,0.003,0.001
bHyYl3j.png,0.637,0.159,0.065,0.054,0.051,0.014,0.009,0.007,0.003
iZR0Ych.png,0.848,0.106,0.014,0.012,0.008,0.006,0.003,0.002,0.001
05nBEvh.png,0.256,0.222,0.185,0.102,0.074,0.067,0.045,0.033,0.015
bGZd5db.png,0.416,0.288,0.138,0.072,0.060,0.016,0.005,0.003,0.001
27S1feu.png,0.522,0.388,0.035,0.025,0.012,0.010,0.003,0.003,0.002
JT26Var.png,0.651,0.266,0.041,0.013,0.012,0.009,0.003,0.003,0.001
0N5ZKcH.png,0.634,0.341,0.010,0.006,0.004,0.003,0.001,0.001,0.000
JU9LSXi.png,0.368,0.300,0.141,0.073,0.070,0.027,0.009,0.007,0.005
O3KNvgz.png,0.586,0.315,0.040,0.023,0.015,0.012,0.004,0.003,0.002
2NS27kx.png,0.515,0.438,0.017,0.012,0.006,0.006,0.004,0.001,0.000
GYmNXOy.png,0.642,0.268,0.037,0.021,0.016,0.008,0.006,0.001,0.000
D4k0puo.png,0.620,0.208,0.053,0.034,0.023,0.021,0.020,0.017,0.004
WcXzDk2.png,0.508,0.206,0.129,0.087,0.034,0.015,0.010,0.008,0.003
nNYop46.png,0.781,0.139,0.034,0.016,0.010,0.010,0.006,0.002,0.001
ayNSttp.png,0.536,0.341,0.050,0.046,0.014,0.009,0.002,0.001,0.001
x76JHsa.png,0.594,0.261,0.038,0.038,0.033,0.021,0.011,0.002,0.001
dOjn3Mo.png,0.762,0.066,0.050,0.037,0.026,0.018,0.014,0.014,0.013
16vTnwg.png,0.556,0.326,0.058,0.019,0.019,0.008,0.008,0.005,0.003
vsFSedb.png,0.486,0.348,0.051,0.042,0.040,0.021,0.005,0.005,0.002
SPKD3JU.png,0.522,0.251,0.176,0.025,0.014,0.005,0.003,0.003,0.001
fqSHGCD.png,0.439,0.305,0.086,0.049,0.039,0.030,0.026,0.021,0.005
W3jhTxL.png,0.440,0.341,0.115,0.036,0.036,0.012,0.010,0.008,0.002
TjsILvp.png,0.569,0.319,0.053,0.019,0.018,0.009,0.005,0.004,0.003
JRpm6xn.png,0.577,0.360,0.023,0.012,0.011,0.009,0.004,0.003,0.001
5hN4XOF.png,0.297,0.290,0.178,0.066,0.056,0.032,0.032,0.026,0.023
wK9e9jg.png,0.487,0.334,0.051,0.043,0.042,0.016,0.013,0.012,0.003
pnJqmzw.png,0.633,0.288,0.025,0.023,0.015,0.006,0.005,0.003,0.001
EuTcoU6.png,0.694,0.095,0.093,0.051,0.020,0.018,0.014,0.010,0.006
Zh4CZSe.png,0.550,0.325,0.037,0.036,0.020,0.020,0.006,0.004,0.002
I84r9TR.png,0.490,0.392,0.065,0.017,0.017,0.006,0.006,0.004,0.002
bxT32op.png,0.550,0.271,0.055,0.041,0.039,0.028,0.010,0.005,0.002
RSTEno4.png,0.534,0.308,0.046,0.038,0.036,0.019,0.010,0.004,0.003
NwfrHyS.png,0.541,0.406,0.022,0.011,0.006,0.005,0.004,0.003,0.002
f7y8o6x.png,0.531,0.179,0.173,0.034,0.031,0.026,0.011,0.009,0.006
sOYYbyS.png,0.445,0.404,0.042,0.037,0.024,0.023,0.010,0.008,0.005
W0Nh6hc.png,0.357,0.292,0.146,0.066,0.060,0.037,0.035,0.004,0.003
0JM56ut.png,0.499,0.226,0.090,0.073,0.043,0.030,0.023,0.011,0.004
wZk5FIY.png,0.647,0.238,0.049,0.025,0.017,0.011,0.009,0.003,0.001
YW7mx62.png,0.425,0.225,0.169,0.114,0.032,0.011,0.011,0.010,0.004
CaQrRikUYAA3VrV.jpg,0.469,0.274,0.116,0.047,0.041,0.029,0.017,0.007,0.001
oqt51kd.png,0.849,0.110,0.019,0.007,0.006,0.004,0.002,0.001,0.001
4jYyIBw.png,0.532,0.326,0.058,0.045,0.012,0.009,0.008,0.005,0.004
Oa1JNby.png,0.539,0.402,0.025,0.017,0.008,0.006,0.001,0.001,0.001
uluP5WP.png,0.725,0.103,0.046,0.036,0.025,0.023,0.021,0.013,0.008
D65y7fq.png,0.575,0.148,0.120,0.077,0.044,0.015,0.011,0.006,0.003
MOMyvfC.png,0.699,0.134,0.085,0.026,0.016,0.015,0.012,0.011,0.003
zFnJ1x3.png,0.296,0.240,0.213,0.070,0.063,0.044,0.042,0.027,0.005
rOvVkF1.png,0.359,0.252,0.225,0.062,0.056,0.020,0.013,0.007,0.005
vTulmoz.png,0.435,0.323,0.068,0.055,0.037,0.037,0.017,0.015,0.011
ArmX82G.png,0.493,0.334,0.080,0.027,0.025,0.021,0.015,0.002,0.002
nsEOOZO.png,0.565,0.181,0.099,0.075,0.039,0.019,0.014,0.006,0.003
NLdr9yb.png,0.416,0.332,0.064,0.049,0.047,0.036,0.025,0.022,0.009
K8v985Z.png,0.849,0.056,0.035,0.019,0.015,0.013,0.007,0.005,0.002
J7KwOfQ.png,0.319,0.280,0.139,0.137,0.054,0.034,0.020,0.009,0.008
QEM6dG2.png,0.585,0.181,0.108,0.045,0.031,0.019,0.016,0.010,0.005
p8cqujC.png,0.456,0.281,0.104,0.050,0.047,0.026,0.020,0.011,0.004
OA7aCgM.png,0.639,0.276,0.032,0.030,0.008,0.007,0.005,0.001,0.001
VNZBamf.png,0.417,0.328,0.073,0.056,0.042,0.034,0.024,0.018,0.008
gZWRvf8.png,0.480,0.407,0.070,0.013,0.013,0.009,0.003,0.003,0.002
Nkvcr8I.png,0.642,0.292,0.040,0.012,0.009,0.002,0.001,0.001,0.001
0bOKK62.png,0.594,0.231,0.063,0.037,0.031,0.018,0.016,0.006,0.004
2UT3Ips.png,0.552,0.360,0.020,0.018,0.017,0.014,0.009,0.008,0.002
i0YUj7r.png,0.403,0.284,0.120,0.075,0.044,0.034,0.023,0.013,0.005
PCnauaB.png,0.467,0.207,0.130,0.070,0.050,0.039,0.021,0.010,0.007
eJqdhnY.png,0.597,0.357,0.020,0.012,0.006,0.004,0.003,0.001,0.001
zRgnrbT.png,0.621,0.307,0.028,0.026,0.010,0.004,0.002,0.001,0.000
QHHMKB3.png,0.821,0.134,0.017,0.012,0.010,0.004,0.001,0.001,0.001
d5ZqKJ5.png,0.425,0.375,0.063,0.044,0.037,0.025,0.013,0.010,0.008
CkhmsCi.png,0.773,0.112,0.039,0.030,0.027,0.010,0.005,0.004,0.001
Bq3Oe2TIAAAUgik.jpg,0.673,0.085,0.080,0.074,0.024,0.022,0.019,0.012,0.010
5W8eGmw.png,0.359,0.237,0.128,0.106,0.087,0.035,0.031,0.009,0.006
KmlWyX7.png,0.723,0.182,0.031,0.028,0.015,0.008,0.008,0.004,0.001
6L5ohmp.png,0.655,0.292,0.036,0.004,0.004,0.004,0.003,0.002,0.001
mErGXnG.png,0.339,0.307,0.138,0.085,0.050,0.030,0.029,0.016,0.004
x9dwWj9.png,0.472,0.393,0.040,0.036,0.026,0.015,0.007,0.006,0.005
dOr1Ljj.png,0.511,0.189,0.101,0.076,0.035,0.025,0.025,0.023,0.015
qZ8nvyF.png,0.732,0.170,0.034,0.029,0.013,0.007,0.006,0.005,0.004
ogrQSpx.png,0.421,0.363,0.060,0.059,0.051,0.014,0.014,0.013,0.006
nEE5sjy.png,0.474,0.371,0.118,0.011,0.009,0.007,0.007,0.002,0.001
orV6OVk.png,0.386,0.372,0.134,0.047,0.034,0.010,0.007,0.006,0.003
aXJH7EU.png,0.463,0.426,0.053,0.027,0.019,0.006,0.004,0.002,0.001
5spRvtw.png,0.432,0.342,0.100,0.071,0.018,0.014,0.011,0.007,0.006
BXs0Wy8.png,0.486,0.255,0.069,0.058,0.049,0.026,0.024,0.017,0.015
meTteYg.png,0.423,0.270,0.142,0.068,0.041,0.020,0.019,0.010,0.006
wkkA7rU.png,0.461,0.400,0.093,0.024,0.009,0.006,0.004,0.003,0.002
zPT9dFf.png,0.694,0.254,0.024,0.009,0.006,0.005,0.005,0.002,0.002
SZTu5uv.png,0.471,0.246,0.156,0.052,0.026,0.024,0.014,0.008,0.003
FsAbNtn.png,0.335,0.328,0.088,0.082,0.054,0.050,0.034,0.016,0.012
Hf65xSJ.png,0.444,0.185,0.120,0.092,0.077,0.039,0.028,0.008,0.008
VlcI2AV.png,0.860,0.087,0.019,0.011,0.007,0.006,0.003,0.003,0.003
WSy7NGq.png,0.461,0.248,0.083,0.073,0.050,0.045,0.027,0.007,0.006
t4xWpee.png,0.677,0.242,0.023,0.019,0.017,0.008,0.007,0.006,0.001
DLr1Uo7.png,0.497,0.327,0.051,0.043,0.040,0.028,0.008,0.004,0.003
A5t5Zkf.png,0.444,0.154,0.131,0.082,0.076,0.036,0.033,0.032,0.013
ExlQpoj.png,0.903,0.059,0.012,0.008,0.008,0.005,0.003,0.001,0.001
mYU8r9Y.png,0.595,0.281,0.048,0.021,0.019,0.012,0.011,0.007,0.005
mvfGs4u.png,0.263,0.205,0.157,0.146,0.072,0.067,0.040,0.040,0.010
iMMNq.png,0.553,0.386,0.022,0.018,0.015,0.003,0.002,0.001,0.000
2T7fEop.png,0.540,0.396,0.022,0.014,0.009,0.008,0.005,0.004,0.002
IcRjmu4.png,0.666,0.235,0.026,0.025,0.019,0.014,0.007,0.005,0.002
8WsB12c.png,0.778,0.174,0.014,0.014,0.009,0.005,0.003,0.002,0.002
YGkNITr.png,0.420,0.216,0.087,0.084,0.068,0.054,0.038,0.022,0.012
whhrfSE.png,0.379,0.244,0.098,0.084,0.072,0.053,0.029,0.021,0.018
WyNvTye.png,0.358,0.275,0.104,0.080,0.066,0.039,0.034,0.026,0.017
WwN5X3R.png,0.436,0.378,0.049,0.035,0.032,0.031,0.030,0.007,0.004
6eRZSgn.png,0.751,0.204,0.013,0.009,0.008,0.007,0.005,0.001,0.001
M6wyDw8.png,0.682,0.096,0.085,0.057,0.055,0.013,0.008,0.002,0.002
KnLJwdq.png,0.574,0.099,0.092,0.084,0.047,0.042,0.032,0.020,0.012
eI2N5iQ.png,0.299,0.223,0.151,0.108,0.092,0.036,0.035,0.035,0.021
HUU1Fay.png,0.617,0.275,0.050,0.017,0.015,0.012,0.008,0.004,0.002
we4hhWi.png,0.429,0.414,0.092,0.026,0.022,0.005,0.005,0.004,0.002
YIi9Bga.png,0.625,0.341,0.019,0.007,0.004,0.003,0.002,0.000,0.000
xGBX7zN.png,0.356,0.337,0.115,0.096,0.029,0.024,0.020,0.017,0.006
1JQk5NF.png,0.605,0.217,0.052,0.049,0.030,0.021,0.013,0.007,0.006
LH0waGz.png,0.579,0.255,0.050,0.044,0.039,0.015,0.010,0.005,0.003
T2Jt2ry.png,0.670,0.283,0.024,0.010,0.006,0.003,0.002,0.001,0.001
ERe2yR0.png,0.466,0.341,0.094,0.067,0.013,0.013,0.003,0.002,0.001
wgVTz9g.png,0.466,0.241,0.127,0.053,0.048,0.032,0.022,0.005,0.005
Cm96pUGVMAA7HQz.jpg,0.682,0.274,0.019,0.007,0.006,0.005,0.003,0.003,0.001
Im9iERE.png,0.699,0.083,0.080,0.067,0.037,0.013,0.011,0.008,0.003
0Jzts4J.png,0.642,0.117,0.094,0.061,0.048,0.019,0.008,0.007,0.003
k5DLjAd.png,0.766,0.167,0.021,0.017,0.012,0.007,0.005,0.004,0.000
CWxcn8cWcAEOWqO.jpg,0.368,0.333,0.231,0.022,0.015,0.014,0.010,0.005,0.002
LkX8Ei3.png,0.526,0.395,0.022,0.018,0.014,0.014,0.008,0.002,0.002
ruSN6zI.png,0.524,0.338,0.074,0.018,0.017,0.015,0.011,0.003,0.001
5kSMRv3.png,0.459,0.240,0.129,0.092,0.051,0.016,0.008,0.003,0.002
UTDvvsp.png,0.618,0.260,0.034,0.022,0.018,0.018,0.017,0.007,0.006
TqFVPVE.png,0.627,0.155,0.082,0.043,0.034,0.016,0.016,0.014,0.013
Crp2aRz.png,0.373,0.168,0.147,0.122,0.098,0.055,0.027,0.008,0.003
wwEGRrn.png,0.487,0.318,0.075,0.043,0.038,0.028,0.010,0.001,0.001
jQ6NQqx.png,0.735,0.211,0.025,0.009,0.007,0.007,0.004,0.001,0.001
Nbo6iZU.png,0.406,0.397,0.079,0.048,0.044,0.016,0.009,0.001,0.000
tINjUCc.png,0.860,0.055,0.024,0.021,0.012,0.010,0.008,0.007,0.002
odYglAk.png,0.793,0.185,0.009,0.006,0.003,0.002,0.001,0.001,0.000
5aomAQA.png,0.522,0.271,0.133,0.029,0.020,0.012,0.007,0.004,0.002
Q29wRyg.png,0.362,0.297,0.104,0.082,0.056,0.047,0.032,0.012,0.008
7lqO9Qr.png,0.485,0.437,0.035,0.018,0.010,0.008,0.003,0.002,0.001
RgdeucC.png,0.204,0.179,0.174,0.171,0.098,0.076,0.071,0.020,0.006
lR6IYpG.png,0.570,0.131,0.073,0.070,0.056,0.040,0.028,0.016,0.016
EIehYa1.png,0.471,0.195,0.107,0.076,0.062,0.043,0.039,0.005,0.002
7wKCNn2.png,0.398,0.203,0.178,0.077,0.058,0.047,0.019,0.015,0.006
